id,name,abbr,letter,molecular_formula,residue_formula,molecular_weight,residue_weight,pka1,pkb2,pkx3,pl4,h,vsc,p1,p2,sasa,ncisc,carbon,hydrogen,nitrogen,oxygen,sulfur
1,Alanine,Ala,A,C3H7NO2,C3H5NO,89.1,71.08,2.34,9.69,0,6,0.62,27.5,8.1,0.046,1.181,0.007187,3,7,1,2,0
2,Cysteine,Cys,C,C3H7NO2S,C3H5NOS,121.16,103.15,1.96,10.28,8.18,5.07,0.29,44.6,5.5,0.128,1.461,-0.03661,3,7,1,2,1
3,Aspartic acid,Asp,D,C4H7NO4,C4H5NO3,133.11,115.09,1.88,9.6,3.65,2.77,-0.9,40,13,0.105,1.587,-0.02382,4,7,1,4,0
4,Glutamic acid,Glu,E,C5H9NO4,C5H7NO3,147.13,129.12,2.19,9.67,4.25,3.22,-0.74,62,12.3,0.151,1.862,0.006802,5,9,1,4,0
5,Phenylalanine,Phe,F,C9H11NO2,C9H9NO,165.19,147.18,1.83,9.13,0,5.48,1.19,115.5,5.2,0.29,2.228,0.037552,9,11,1,2,0
6,Glycine,Gly,G,C2H5NO2,C2H3NO,75.07,57.05,2.34,9.6,0,5.97,0.48,0,9,0,0.881,0.179052,2,5,1,2,0
7,Histidine,His,H,C6H9N3O2,C6H7N3O,155.16,137.14,1.82,9.17,6,7.59,-0.4,79,10.4,0.23,2.025,-0.01069,6,9,3,2,0
8,Isoleucine,Ile,I,C6H13NO2,C6H11NO,131.18,113.16,2.36,9.6,0,6.02,1.38,93.5,5.2,0.186,1.81,0.021631,6,13,1,2,0
9,Lysine,Lys,K,C6H14N2O2,C6H12N2O,146.19,128.18,2.18,8.95,10.53,9.74,-1.5,100,11.3,0.219,2.258,0.017708,6,14,2,2,0
10,Leucine,Leu,L,C6H13NO2,C6H11NO,131.18,113.16,2.36,9.6,0,5.98,1.06,93.5,4.9,0.186,1.931,0.051672,6,13,1,2,0
11,Methionine,Met,M,C5H11NO2S,C5H9NOS,149.21,131.2,2.28,9.21,0,5.74,0.64,94.1,5.7,0.221,2.034,0.002683,5,11,1,2,1
12,Asparagine,Asn,N,C4H8N2O3,C4H6N2O2,132.12,114.11,2.02,8.8,0,5.41,-0.78,58.7,11.6,0.134,1.655,0.005392,4,8,2,3,0
13,Hydroxyproline,Hyp,O,C5H9NO3,C5H7NO2,131.13,113.11,1.82,9.65,0,0,0,0,0,0,0,0,5,9,1,3,0
14,Proline,Pro,P,C5H9NO2,C5H7NO,115.13,97.12,1.99,10.6,0,6.3,0.12,41.9,8,0.131,1.468,0.239531,5,9,1,2,0
15,Glutamine,Gln,Q,C5H10N2O3,C5H8N2O2,146.15,128.13,2.17,9.13,0,5.65,-0.85,80.7,10.5,0.18,1.932,0.049211,5,10,2,3,0
16,Arginine,Arg,R,C6H14N4O2,C6H12N4O,174.2,156.19,2.17,9.04,12.48,10.76,-2.53,105,10.5,0.291,2.56,0.043587,6,14,4,2,0
17,Serine,Ser,S,C3H7NO3,C3H5NO2,105.09,87.08,2.21,9.15,0,5.68,-0.18,29.3,9.2,0.062,1.298,0.004627,3,7,1,3,0
18,Threonine,Thr,T,C4H9NO3,C4H7NO2,119.12,101.11,2.09,9.1,0,5.6,-0.05,51.3,8.6,0.108,1.525,0.003352,4,9,1,3,0
19,Pyroglutamatic,Glp,U,C5H7NO3,C5H5NO2,139.11,121.09,0,0,0,5.68,0,0,0,0,0,0,5,7,1,3,0
20,Valine,Val,V,C5H11NO2,C5H9NO,117.15,99.13,2.32,9.62,0,5.96,1.08,71.5,5.9,0.14,1.645,0.057004,5,11,1,2,0
21,Tryptophan,Trp,W,C11H12N2O2,C11H10N2O,204.23,186.22,2.83,9.39,0,5.89,0.81,145.5,5.4,0.409,2.663,0.037977,11,12,2,2,0
22,Tyrosine,Tyr,Y,C9H11NO3,C9H9NO2,181.19,163.18,2.2,9.11,10.07,5.66,0.26,117.3,6.2,0.298,2.368,0.023599,9,11,1,3,0
23,Unkwnown,Unk,X,X,X,0,0,0,0,0,0,0,0,0,0,0,0,0,0,0,0,0
